-- phpMyAdmin SQL Dump
-- version 5.2.0
-- https://www.phpmyadmin.net/
--
-- Máy chủ: 127.0.0.1
-- Thời gian đã tạo: Th5 09, 2025 lúc 02:32 PM
-- Phiên bản máy phục vụ: 10.4.25-MariaDB
-- Phiên bản PHP: 8.1.25

SET SQL_MODE = "NO_AUTO_VALUE_ON_ZERO";
START TRANSACTION;
SET time_zone = "+00:00";


/*!40101 SET @OLD_CHARACTER_SET_CLIENT=@@CHARACTER_SET_CLIENT */;
/*!40101 SET @OLD_CHARACTER_SET_RESULTS=@@CHARACTER_SET_RESULTS */;
/*!40101 SET @OLD_COLLATION_CONNECTION=@@COLLATION_CONNECTION */;
/*!40101 SET NAMES utf8mb4 */;

--
-- Cơ sở dữ liệu: `gasstationmanagement`
--

-- --------------------------------------------------------

--
-- Cấu trúc bảng cho bảng `daily_pump_logs`
--

CREATE TABLE `daily_pump_logs` (
  `id` int(10) UNSIGNED NOT NULL,
  `log_date` date NOT NULL COMMENT 'Ngày của log tổng',
  `employee_id` int(10) UNSIGNED NOT NULL COMMENT 'ID nhân viên',
  `pump_id` int(11) NOT NULL,
  `fuel_type` enum('RON95_III','DO05S_II','E5_92_II') NOT NULL,
  `lit` decimal(20,2) NOT NULL DEFAULT 0.00 COMMENT 'Giá xăng/dầu',
  `money` decimal(20,2) NOT NULL DEFAULT 0.00 COMMENT 'Tổng số tiền của ngày',
  `millis` bigint(20) UNSIGNED NOT NULL DEFAULT 0 COMMENT 'Tổng milliLitres hoặc milliSeconds',
  `total_f3` decimal(20,3) NOT NULL DEFAULT 0.000 COMMENT 'Tổng lít bơm'
) ENGINE=InnoDB DEFAULT CHARSET=utf8mb4;

--
-- Đang đổ dữ liệu cho bảng `daily_pump_logs`
--

INSERT INTO `daily_pump_logs` (`id`, `log_date`, `employee_id`, `pump_id`, `fuel_type`, `lit`, `money`, `millis`, `total_f3`) VALUES
(1, '2025-03-26', 2, 1, 'RON95_III', '208.15', '4262930.00', 208133, '8330.000'),
(2, '2025-03-27', 2, 1, 'RON95_III', '209.00', '4292500.00', 208980, '8539.000'),
(3, '2025-03-28', 2, 1, 'RON95_III', '354.63', '7383470.00', 354617, '8894.000'),
(4, '2025-03-29', 2, 1, 'RON95_III', '307.65', '6405270.00', 307636, '9201.000'),
(5, '2025-03-30', 2, 1, 'RON95_III', '148.19', '3085260.00', 148179, '9349.000'),
(6, '2025-03-31', 2, 1, 'RON95_III', '534.35', '11125260.00', 534312, '9884.000'),
(7, '2025-04-01', 2, 1, 'RON95_III', '288.81', '6013050.00', 288798, '10172.000'),
(8, '2025-04-02', 2, 1, 'RON95_III', '422.76', '8801770.00', 422729, '10595.000'),
(9, '2025-04-03', 2, 1, 'RON95_III', '383.35', '8040990.00', 383334, '10978.000'),
(10, '2025-04-04', 2, 1, 'RON95_III', '302.55', '6450430.00', 302538, '11281.000'),
(11, '2025-04-05', 2, 1, 'RON95_III', '314.81', '6711710.00', 314798, '11596.000'),
(12, '2025-04-06', 2, 1, 'RON95_III', '379.72', '8095540.00', 379707, '11975.000'),
(13, '2025-04-07', 2, 1, 'RON95_III', '490.81', '10464050.00', 490797, '12466.000'),
(14, '2025-04-08', 2, 1, 'RON95_III', '393.95', '8399040.00', 393932, '12860.000'),
(15, '2025-04-09', 2, 1, 'RON95_III', '428.08', '9126690.00', 428064, '13288.000'),
(16, '2025-04-10', 2, 1, 'RON95_III', '320.17', '6647420.00', 320152, '13608.000'),
(17, '2025-04-11', 2, 1, 'RON95_III', '596.02', '11670050.00', 595954, '14204.000'),
(18, '2025-04-12', 2, 1, 'RON95_III', '350.71', '6866870.00', 350675, '14555.000'),
(19, '2025-04-13', 2, 1, 'RON95_III', '325.61', '6375430.00', 325593, '14880.000'),
(20, '2025-04-14', 2, 1, 'RON95_III', '314.30', '6154040.00', 314265, '15194.000'),
(21, '2025-04-15', 2, 1, 'RON95_III', '566.83', '11098470.00', 566780, '15761.000'),
(22, '2025-04-16', 2, 1, 'RON95_III', '459.09', '8988950.00', 459050, '16220.000'),
(23, '2025-04-17', 2, 1, 'RON95_III', '527.45', '10269730.00', 527421, '16748.000'),
(24, '2025-04-18', 2, 1, 'RON95_III', '589.21', '11324640.00', 589169, '17337.000'),
(25, '2025-04-19', 2, 1, 'RON95_III', '352.65', '6777880.00', 352612, '17689.000'),
(26, '2025-04-20', 2, 1, 'RON95_III', '345.05', '6631870.00', 345038, '18034.000'),
(27, '2025-04-21', 2, 1, 'RON95_III', '439.11', '8439690.00', 439076, '18473.000'),
(28, '2025-04-22', 2, 1, 'RON95_III', '355.93', '6840960.00', 355899, '18829.000'),
(29, '2025-04-23', 2, 1, 'RON95_III', '439.20', '8441470.00', 439166, '19268.000'),
(30, '2025-04-24', 2, 1, 'RON95_III', '422.67', '8199220.00', 422641, '19691.000'),
(31, '2025-03-26', 2, 3, 'RON95_III', '1181.88', '24204810.00', 1181729, '35029.000'),
(32, '2025-03-27', 2, 3, 'RON95_III', '973.82', '20035500.00', 973707, '36002.000'),
(33, '2025-03-28', 2, 3, 'RON95_III', '452.84', '9428200.00', 452781, '36455.000'),
(34, '2025-03-29', 2, 3, 'RON95_III', '0.00', '0.00', 0, '0.000'),
(35, '2025-03-30', 2, 3, 'RON95_III', '0.00', '0.00', 0, '0.000'),
(36, '2025-03-31', 2, 3, 'RON95_III', '388.44', '8087290.00', 388394, '36843.000'),
(37, '2025-04-01', 2, 3, 'RON95_III', '1185.35', '24678950.00', 1185221, '38028.000'),
(38, '2025-04-02', 2, 3, 'RON95_III', '914.32', '19036070.00', 914222, '38942.000'),
(39, '2025-04-03', 2, 3, 'RON95_III', '33.46', '696550.00', 33448, '38976.000'),
(40, '2025-04-04', 2, 3, 'RON95_III', '0.00', '0.00', 0, '0.000'),
(41, '2025-04-05', 2, 3, 'RON95_III', '0.00', '0.00', 0, '0.000'),
(42, '2025-04-06', 2, 3, 'RON95_III', '0.00', '0.00', 0, '0.000'),
(43, '2025-04-07', 2, 3, 'RON95_III', '0.00', '0.00', 0, '0.000'),
(44, '2025-04-08', 2, 3, 'RON95_III', '228.14', '4469350.00', 228143, '39204.000'),
(45, '2025-04-09', 2, 3, 'RON95_III', '183.77', '3600150.00', 183772, '39388.000'),
(46, '2025-04-10', 2, 3, 'RON95_III', '79.62', '1500020.00', 79616, '39467.000'),
(47, '2025-04-11', 2, 3, 'RON95_III', '135.93', '2478070.00', 135932, '39603.000'),
(48, '2025-04-12', 2, 3, 'RON95_III', '374.66', '6830060.00', 374654, '39978.000'),
(49, '2025-04-13', 2, 3, 'RON95_III', '54.85', '1000000.00', 54854, '40033.000'),
(50, '2025-04-14', 2, 3, 'RON95_III', '82.29', '1500120.00', 82286, '40115.000'),
(51, '2025-04-15', 2, 3, 'RON95_III', '249.61', '4550380.00', 249604, '40364.000'),
(52, '2025-04-16', 2, 3, 'RON95_III', '415.25', '7570040.00', 415245, '40780.000'),
(53, '2025-04-17', 2, 3, 'RON95_III', '88.44', '1600000.00', 88436, '40868.000'),
(54, '2025-04-18', 2, 3, 'RON95_III', '521.99', '9401110.00', 521987, '41390.000'),
(55, '2025-04-19', 2, 3, 'RON95_III', '298.18', '5370170.00', 298172, '41688.000'),
(56, '2025-04-20', 2, 3, 'RON95_III', '411.45', '7410290.00', 411450, '42100.000'),
(57, '2025-04-21', 2, 3, 'RON95_III', '325.11', '5855220.00', 325106, '42425.000'),
(58, '2025-04-22', 2, 3, 'RON95_III', '465.12', '8376850.00', 465116, '42890.000'),
(59, '2025-04-23', 2, 3, 'RON95_III', '105.50', '1900000.00', 105495, '42995.000'),
(60, '2025-04-24', 2, 3, 'RON95_III', '379.12', '6970230.00', 379109, '43375.000'),
(61, '2025-03-26', 2, 4, 'RON95_III', '500.00', '10239980.00', 499947, '18326.000'),
(62, '2025-03-27', 2, 4, 'RON95_III', '990.04', '20472750.00', 989920, '19316.000'),
(63, '2025-03-28', 2, 4, 'RON95_III', '1307.33', '27218600.00', 1307207, '20623.000'),
(64, '2025-03-29', 2, 4, 'RON95_III', '1264.94', '26336030.00', 1264819, '21888.000'),
(65, '2025-03-30', 2, 4, 'RON95_III', '1888.73', '39323410.00', 1888565, '23776.000'),
(66, '2025-03-31', 2, 4, 'RON95_III', '1502.24', '31276570.00', 1502088, '25278.000'),
(67, '2025-04-01', 2, 4, 'RON95_III', '551.97', '11492030.00', 551896, '25830.000'),
(68, '2025-04-02', 2, 4, 'RON95_III', '713.14', '14847640.00', 713058, '26543.000'),
(69, '2025-04-03', 2, 4, 'RON95_III', '1590.22', '33425540.00', 1590078, '28133.000'),
(70, '2025-04-04', 2, 4, 'RON95_III', '1614.70', '34425470.00', 1614608, '29747.000'),
(71, '2025-04-05', 2, 4, 'RON95_III', '1585.36', '33799810.00', 1585263, '31332.000'),
(72, '2025-04-06', 2, 4, 'RON95_III', '1376.27', '29342080.00', 1376198, '32708.000'),
(73, '2025-04-07', 2, 4, 'RON95_III', '1720.95', '36690590.00', 1720860, '34429.000'),
(74, '2025-04-08', 2, 4, 'RON95_III', '1887.52', '40241950.00', 1887393, '36316.000'),
(75, '2025-04-09', 2, 4, 'RON95_III', '1566.66', '33401190.00', 1566556, '37882.000'),
(76, '2025-04-10', 2, 4, 'RON95_III', '1710.86', '35277410.00', 1710714, '39593.000'),
(77, '2025-04-11', 2, 4, 'RON95_III', '1726.72', '33809180.00', 1726567, '41319.000'),
(78, '2025-04-12', 2, 4, 'RON95_III', '1879.49', '36800480.00', 1879326, '43198.000'),
(79, '2025-04-13', 2, 4, 'RON95_III', '1710.77', '33496900.00', 1710613, '44909.000'),
(80, '2025-04-14', 2, 4, 'RON95_III', '1887.59', '36959060.00', 1887416, '46796.000'),
(81, '2025-04-15', 2, 4, 'RON95_III', '1306.50', '25581190.00', 1306363, '48102.000'),
(82, '2025-04-16', 2, 4, 'RON95_III', '1500.94', '29388430.00', 1500746, '49602.000'),
(83, '2025-04-17', 2, 4, 'RON95_III', '1999.60', '38869070.00', 1999385, '51602.000'),
(84, '2025-04-18', 2, 4, 'RON95_III', '1984.54', '38142910.00', 1984329, '53586.000'),
(85, '2025-04-19', 2, 4, 'RON95_III', '1885.30', '36235410.00', 1885118, '55471.000'),
(86, '2025-04-20', 2, 4, 'RON95_III', '1853.88', '35631500.00', 1853707, '57324.000'),
(87, '2025-04-21', 2, 4, 'RON95_III', '1554.10', '29869770.00', 1553935, '58878.000'),
(88, '2025-04-22', 2, 4, 'RON95_III', '1855.15', '35656040.00', 1854982, '60733.000'),
(89, '2025-04-23', 2, 4, 'RON95_III', '1752.72', '33687220.00', 1752530, '62485.000'),
(90, '2025-04-24', 2, 4, 'RON95_III', '1985.91', '38675030.00', 1985743, '64470.000'),
(91, '2025-03-26', 2, 5, 'RON95_III', '816.72', '16726350.00', 816617, '23814.000'),
(92, '2025-03-27', 2, 5, 'RON95_III', '769.52', '15895550.00', 769440, '24583.000'),
(93, '2025-03-28', 2, 5, 'RON95_III', '939.09', '19551930.00', 938965, '25522.000'),
(94, '2025-03-29', 2, 5, 'RON95_III', '760.84', '15840650.00', 760769, '26283.000'),
(95, '2025-03-30', 2, 5, 'RON95_III', '708.50', '14750980.00', 708418, '26991.000'),
(96, '2025-03-31', 2, 5, 'RON95_III', '841.16', '17512890.00', 841038, '27832.000'),
(97, '2025-04-01', 2, 5, 'RON95_III', '853.59', '17771770.00', 853495, '28685.000'),
(98, '2025-04-02', 2, 5, 'RON95_III', '795.84', '16569360.00', 795742, '29481.000'),
(99, '2025-04-03', 2, 5, 'RON95_III', '1088.11', '22857840.00', 1088007, '30569.000'),
(100, '2025-04-04', 2, 5, 'RON95_III', '957.77', '20419590.00', 957696, '31526.000'),
(101, '2025-04-05', 2, 5, 'RON95_III', '925.24', '19726030.00', 925179, '32452.000'),
(102, '2025-04-06', 2, 5, 'RON95_III', '1001.03', '21341910.00', 1000971, '33452.000'),
(103, '2025-04-07', 2, 5, 'RON95_III', '883.04', '18826430.00', 882990, '34335.000'),
(104, '2025-04-08', 2, 5, 'RON95_III', '802.11', '17101030.00', 802042, '35137.000'),
(105, '2025-04-09', 2, 5, 'RON95_III', '1055.22', '22497380.00', 1055142, '36192.000'),
(106, '2025-04-10', 2, 5, 'RON95_III', '1115.74', '23111960.00', 1115647, '37308.000'),
(107, '2025-04-11', 2, 5, 'RON95_III', '1036.27', '20290250.00', 1036153, '38344.000'),
(108, '2025-04-12', 2, 5, 'RON95_III', '1021.73', '20005520.00', 1021616, '39365.000'),
(109, '2025-04-13', 2, 5, 'RON95_III', '1266.07', '24789600.00', 1265933, '40631.000'),
(110, '2025-04-14', 2, 5, 'RON95_III', '1233.92', '24160180.00', 1233772, '41864.000'),
(111, '2025-04-15', 2, 5, 'RON95_III', '1094.20', '21424470.00', 1094058, '42958.000'),
(112, '2025-04-16', 2, 5, 'RON95_III', '864.77', '16932220.00', 864652, '43823.000'),
(113, '2025-04-17', 2, 5, 'RON95_III', '962.33', '18690510.00', 962202, '44785.000'),
(114, '2025-04-18', 2, 5, 'RON95_III', '916.85', '17621850.00', 916733, '45701.000'),
(115, '2025-04-19', 2, 5, 'RON95_III', '1428.08', '27447680.00', 1427943, '47129.000'),
(116, '2025-04-20', 2, 5, 'RON95_III', '1090.07', '20951110.00', 1089935, '48219.000'),
(117, '2025-04-21', 2, 5, 'RON95_III', '1004.26', '19301840.00', 1004136, '49223.000'),
(118, '2025-04-22', 2, 5, 'RON95_III', '1212.60', '23306080.00', 1212470, '50435.000'),
(119, '2025-04-23', 2, 5, 'RON95_III', '830.36', '15959560.00', 830265, '51265.000'),
(120, '2025-04-24', 2, 5, 'RON95_III', '1144.30', '22286900.00', 1144191, '52409.000'),
(121, '2025-03-26', 2, 2, 'DO05S_II', '792.77', '14460190.00', 792767, '22382.000'),
(122, '2025-03-27', 2, 2, 'DO05S_II', '993.02', '18322210.00', 993012, '23375.000'),
(123, '2025-03-28', 2, 2, 'DO05S_II', '1136.81', '21110570.00', 1136805, '24512.000'),
(124, '2025-03-29', 2, 2, 'DO05S_II', '542.83', '10080270.00', 542821, '25055.000'),
(125, '2025-03-30', 2, 2, 'DO05S_II', '999.66', '18563680.00', 999654, '26054.000'),
(126, '2025-03-31', 2, 2, 'DO05S_II', '763.60', '14180080.00', 763597, '26818.000'),
(127, '2025-04-01', 2, 2, 'DO05S_II', '659.68', '12250180.00', 659672, '27478.000'),
(128, '2025-04-02', 2, 2, 'DO05S_II', '718.38', '13340270.00', 718375, '28196.000'),
(129, '2025-04-03', 2, 2, 'DO05S_II', '840.19', '15660360.00', 840185, '29036.000'),
(130, '2025-04-04', 2, 2, 'DO05S_II', '637.28', '12000010.00', 637274, '29673.000'),
(131, '2025-04-05', 2, 2, 'DO05S_II', '689.58', '12984740.00', 689569, '30363.000'),
(132, '2025-04-06', 2, 2, 'DO05S_II', '471.60', '8880300.00', 471600, '30835.000'),
(133, '2025-04-07', 2, 2, 'DO05S_II', '389.81', '7340170.00', 389809, '31224.000'),
(134, '2025-04-08', 2, 2, 'DO05S_II', '639.96', '12050520.00', 639956, '31864.000'),
(135, '2025-04-09', 2, 2, 'DO05S_II', '890.89', '16775390.00', 890879, '32755.000'),
(136, '2025-04-10', 2, 2, 'DO05S_II', '455.12', '8200110.00', 455112, '33210.000'),
(137, '2025-04-11', 2, 2, 'DO05S_II', '483.89', '8506840.00', 483886, '33694.000'),
(138, '2025-04-12', 2, 2, 'DO05S_II', '588.85', '10352030.00', 588846, '34283.000'),
(139, '2025-04-13', 2, 2, 'DO05S_II', '809.89', '14237880.00', 809883, '35093.000'),
(140, '2025-04-14', 2, 2, 'DO05S_II', '696.58', '12245840.00', 696566, '35790.000'),
(141, '2025-04-15', 2, 2, 'DO05S_II', '615.00', '10811670.00', 614993, '36405.000'),
(142, '2025-04-16', 2, 2, 'DO05S_II', '246.31', '4330090.00', 246303, '36651.000'),
(143, '2025-04-17', 2, 2, 'DO05S_II', '513.33', '8995210.00', 513323, '37164.000'),
(144, '2025-04-18', 2, 2, 'DO05S_II', '848.04', '14730410.00', 848030, '38012.000'),
(145, '2025-04-19', 2, 2, 'DO05S_II', '857.85', '14900860.00', 857842, '38870.000'),
(146, '2025-04-20', 2, 2, 'DO05S_II', '411.06', '7140190.00', 411060, '39281.000'),
(147, '2025-04-21', 2, 2, 'DO05S_II', '652.48', '11333600.00', 652474, '39934.000'),
(148, '2025-04-22', 2, 2, 'DO05S_II', '714.53', '12411470.00', 714530, '40648.000'),
(149, '2025-04-23', 2, 2, 'DO05S_II', '690.60', '11995700.00', 690592, '41339.000'),
(150, '2025-04-24', 2, 2, 'DO05S_II', '1063.30', '18597460.00', 1063294, '42402.000'),
(151, '2025-03-26', 2, 6, 'DO05S_II', '641.73', '11705240.00', 641726, '22151.000'),
(152, '2025-03-27', 2, 6, 'DO05S_II', '1333.85', '24545390.00', 1333841, '23485.000'),
(153, '2025-03-28', 2, 6, 'DO05S_II', '1209.22', '22455240.00', 1209213, '24694.000'),
(154, '2025-03-29', 2, 6, 'DO05S_II', '574.56', '10669530.00', 574554, '25269.000'),
(155, '2025-03-30', 2, 6, 'DO05S_II', '517.55', '9610890.00', 517544, '25786.000'),
(156, '2025-03-31', 2, 6, 'DO05S_II', '409.01', '7595360.00', 409009, '26195.000'),
(157, '2025-04-01', 2, 6, 'DO05S_II', '1079.71', '20050130.00', 1079699, '27275.000'),
(158, '2025-04-02', 2, 6, 'DO05S_II', '992.48', '18430390.00', 992475, '28267.000'),
(159, '2025-04-03', 2, 6, 'DO05S_II', '1256.06', '23440180.00', 1256052, '29523.000'),
(160, '2025-04-04', 2, 6, 'DO05S_II', '732.79', '13798380.00', 732779, '30256.000'),
(161, '2025-04-05', 2, 6, 'DO05S_II', '644.26', '12131360.00', 644249, '30900.000'),
(162, '2025-04-06', 2, 6, 'DO05S_II', '729.73', '13740750.00', 729715, '31630.000'),
(163, '2025-04-07', 2, 6, 'DO05S_II', '1097.78', '20671110.00', 1097764, '32728.000'),
(164, '2025-04-08', 2, 6, 'DO05S_II', '499.22', '9400220.00', 499210, '33227.000'),
(165, '2025-04-09', 2, 6, 'DO05S_II', '884.78', '16660340.00', 884767, '34112.000'),
(166, '2025-04-10', 2, 6, 'DO05S_II', '872.67', '16121680.00', 872661, '34984.000'),
(167, '2025-04-11', 2, 6, 'DO05S_II', '442.93', '7786770.00', 442928, '35427.000'),
(168, '2025-04-12', 2, 6, 'DO05S_II', '1028.45', '18080160.00', 1028438, '36456.000'),
(169, '2025-04-13', 2, 6, 'DO05S_II', '980.43', '17235880.00', 980417, '37436.000'),
(170, '2025-04-14', 2, 6, 'DO05S_II', '534.20', '9391270.00', 534195, '37970.000'),
(171, '2025-04-15', 2, 6, 'DO05S_II', '334.68', '5883690.00', 334675, '38305.000'),
(172, '2025-04-16', 2, 6, 'DO05S_II', '501.75', '8820690.00', 501739, '38807.000'),
(173, '2025-04-17', 2, 6, 'DO05S_II', '632.06', '11079050.00', 632057, '39439.000'),
(174, '2025-04-18', 2, 6, 'DO05S_II', '719.97', '12505900.00', 719964, '40159.000'),
(175, '2025-04-19', 2, 6, 'DO05S_II', '629.83', '10940110.00', 629823, '40789.000'),
(176, '2025-04-20', 2, 6, 'DO05S_II', '589.35', '10237010.00', 589345, '41378.000'),
(177, '2025-04-21', 2, 6, 'DO05S_II', '765.30', '13293240.00', 765291, '42143.000'),
(178, '2025-04-22', 2, 6, 'DO05S_II', '310.31', '5390160.00', 310310, '42454.000'),
(179, '2025-04-23', 2, 6, 'DO05S_II', '952.65', '16547490.00', 952640, '43406.000'),
(180, '2025-04-24', 2, 6, 'DO05S_II', '1014.62', '17747990.00', 1014604, '44421.000'),
(181, '2025-03-26', 1, 2, 'RON95_III', '2284.49', '45872610.00', 2284144, '685232.000'),
(182, '2025-03-27', 1, 2, 'RON95_III', '2494.89', '50442210.00', 2494395, '687726.000'),
(183, '2025-03-28', 1, 2, 'RON95_III', '2786.82', '56906900.00', 2785936, '690512.000'),
(184, '2025-03-29', 1, 2, 'RON95_III', '2715.95', '55459790.00', 2715243, '693228.000'),
(185, '2025-03-30', 1, 2, 'RON95_III', '2577.05', '52623420.00', 2576257, '695804.000'),
(186, '2025-03-31', 1, 2, 'RON95_III', '2735.91', '55867370.00', 2735152, '698539.000'),
(187, '2025-04-01', 1, 2, 'RON95_III', '2678.09', '54686620.00', 2677240, '701216.000'),
(188, '2025-04-02', 1, 2, 'RON95_III', '2249.82', '45941380.00', 2249203, '703465.000'),
(189, '2025-04-03', 1, 2, 'RON95_III', '2329.00', '48231690.00', 2328296, '705794.000'),
(190, '2025-04-04', 1, 2, 'RON95_III', '2730.24', '57089330.00', 2729513, '708523.000'),
(191, '2025-04-05', 1, 2, 'RON95_III', '2950.07', '61685910.00', 2949386, '711473.000'),
(192, '2025-04-06', 1, 2, 'RON95_III', '2519.59', '52684580.00', 2518819, '713992.000'),
(193, '2025-04-07', 1, 2, 'RON95_III', '1996.55', '41747810.00', 1995941, '715988.000'),
(194, '2025-04-08', 1, 2, 'RON95_III', '2461.45', '51468940.00', 2460650, '718448.000'),
(195, '2025-04-09', 1, 2, 'RON95_III', '2541.09', '53134290.00', 2540416, '720989.000'),
(196, '2025-04-10', 1, 2, 'RON95_III', '2401.33', '47753150.00', 2400580, '723389.000'),
(197, '2025-04-11', 1, 2, 'RON95_III', '2868.79', '55080810.00', 2868048, '726257.000'),
(198, '2025-04-12', 1, 2, 'RON95_III', '3056.49', '58684620.00', 3055770, '729313.000'),
(199, '2025-04-13', 1, 2, 'RON95_III', '3199.69', '61434130.00', 3198925, '732512.000'),
(200, '2025-04-14', 1, 2, 'RON95_III', '2712.67', '52083220.00', 2711926, '735224.000'),
(201, '2025-04-15', 1, 2, 'RON95_III', '2681.34', '51481750.00', 2680630, '737905.000'),
(202, '2025-04-16', 1, 2, 'RON95_III', '2289.92', '43966530.00', 2289303, '740194.000'),
(203, '2025-04-17', 1, 2, 'RON95_III', '1844.32', '34973530.00', 1843924, '742038.000'),
(204, '2025-04-18', 1, 2, 'RON95_III', '2246.84', '42353000.00', 2246410, '744284.000'),
(205, '2025-04-19', 1, 2, 'RON95_III', '2547.02', '48011390.00', 2546570, '746831.000'),
(206, '2025-04-20', 1, 2, 'RON95_III', '2789.90', '52589550.00', 2789415, '749620.000'),
(207, '2025-04-21', 1, 2, 'RON95_III', '2719.44', '51261470.00', 2718926, '752339.000'),
(208, '2025-04-22', 1, 2, 'RON95_III', '3050.85', '57508440.00', 3050305, '755390.000'),
(209, '2025-04-23', 1, 2, 'RON95_III', '2646.66', '49889550.00', 2646163, '758036.000'),
(210, '2025-04-24', 1, 2, 'RON95_III', '2879.36', '55411170.00', 2878707, '760915.000'),
(211, '2025-03-26', 1, 1, 'DO05S_II', '2712.75', '48531060.00', 2712666, '605797.000'),
(212, '2025-03-27', 1, 1, 'DO05S_II', '3186.55', '57211610.00', 3186469, '608984.000'),
(213, '2025-03-28', 1, 1, 'DO05S_II', '2484.11', '45235720.00', 2484043, '611468.000'),
(214, '2025-03-29', 1, 1, 'DO05S_II', '2586.15', '47093710.00', 2586068, '614054.000'),
(215, '2025-03-30', 1, 1, 'DO05S_II', '1477.81', '26910970.00', 1477775, '615532.000'),
(216, '2025-03-31', 1, 1, 'DO05S_II', '1983.69', '36123020.00', 1983628, '617516.000'),
(217, '2025-04-01', 1, 1, 'DO05S_II', '1450.05', '26405380.00', 1449997, '618966.000'),
(218, '2025-04-02', 1, 1, 'DO05S_II', '2684.30', '48881040.00', 2684227, '621650.000'),
(219, '2025-04-03', 1, 1, 'DO05S_II', '2406.92', '44020200.00', 2406837, '624057.000'),
(220, '2025-04-04', 1, 1, 'DO05S_II', '2026.93', '37437350.00', 2026877, '626084.000'),
(221, '2025-04-05', 1, 1, 'DO05S_II', '2072.28', '38275010.00', 2072233, '628156.000'),
(222, '2025-04-06', 1, 1, 'DO05S_II', '1983.64', '36637740.00', 1983596, '630140.000'),
(223, '2025-04-07', 1, 1, 'DO05S_II', '1197.66', '22120730.00', 1197625, '631337.000'),
(224, '2025-04-08', 1, 1, 'DO05S_II', '2531.51', '46757050.00', 2531460, '633869.000'),
(225, '2025-04-09', 1, 1, 'DO05S_II', '2666.48', '49249840.00', 2666430, '636535.000'),
(226, '2025-04-10', 1, 1, 'DO05S_II', '2559.82', '46046420.00', 2559753, '639095.000'),
(227, '2025-04-11', 1, 1, 'DO05S_II', '1725.78', '29752470.00', 1725710, '640821.000'),
(228, '2025-04-12', 1, 1, 'DO05S_II', '2834.03', '48858660.00', 2833968, '643655.000'),
(229, '2025-04-13', 1, 1, 'DO05S_II', '2643.56', '45574960.00', 2643505, '646298.000'),
(230, '2025-04-14', 1, 1, 'DO05S_II', '2345.51', '40436610.00', 2345440, '648643.000'),
(231, '2025-04-15', 1, 1, 'DO05S_II', '3634.48', '62658380.00', 3634406, '652278.000'),
(232, '2025-04-16', 1, 1, 'DO05S_II', '1852.53', '31937570.00', 1852463, '654130.000'),
(233, '2025-04-17', 1, 1, 'DO05S_II', '2727.62', '46883620.00', 2727566, '656858.000'),
(234, '2025-04-18', 1, 1, 'DO05S_II', '2116.57', '36045270.00', 2116524, '658975.000'),
(235, '2025-04-19', 1, 1, 'DO05S_II', '2807.59', '47813180.00', 2807512, '661782.000'),
(236, '2025-04-20', 1, 1, 'DO05S_II', '833.24', '14190030.00', 833196, '662615.000'),
(237, '2025-04-21', 1, 1, 'DO05S_II', '2834.92', '48278690.00', 2834870, '665450.000'),
(238, '2025-04-22', 1, 1, 'DO05S_II', '2476.44', '42173790.00', 2476359, '667927.000'),
(239, '2025-04-23', 1, 1, 'DO05S_II', '2465.74', '41991610.00', 2465674, '670392.000'),
(240, '2025-04-24', 1, 1, 'DO05S_II', '2973.56', '51040830.00', 2973490, '673366.000'),
(241, '2025-03-26', 1, 3, 'E5_92_II', '410.94', '8091490.00', 410792, '227900.000'),
(242, '2025-03-27', 1, 3, 'E5_92_II', '595.63', '11880570.00', 595524, '228495.000'),
(243, '2025-03-28', 1, 3, 'E5_92_II', '563.35', '11283820.00', 563248, '229058.000'),
(244, '2025-03-29', 1, 3, 'E5_92_II', '804.85', '16121140.00', 804758, '229863.000'),
(245, '2025-03-30', 1, 3, 'E5_92_II', '419.64', '8405470.00', 419568, '230283.000'),
(246, '2025-03-31', 1, 3, 'E5_92_II', '632.33', '12665650.00', 632214, '230915.000'),
(247, '2025-04-01', 1, 3, 'E5_92_II', '474.58', '9505910.00', 474502, '231390.000'),
(248, '2025-04-02', 1, 3, 'E5_92_II', '612.92', '12276770.00', 612822, '232002.000'),
(249, '2025-04-03', 1, 3, 'E5_92_II', '585.67', '11840530.00', 585560, '232588.000'),
(250, '2025-04-04', 1, 3, 'E5_92_II', '712.15', '14506480.00', 711996, '233300.000'),
(251, '2025-04-05', 1, 3, 'E5_92_II', '476.35', '9703280.00', 476202, '233776.000'),
(252, '2025-04-06', 1, 3, 'E5_92_II', '475.39', '9683770.00', 475247, '234251.000'),
(253, '2025-04-07', 1, 3, 'E5_92_II', '434.20', '8844700.00', 434090, '234686.000'),
(254, '2025-04-08', 1, 3, 'E5_92_II', '540.72', '11014550.00', 540580, '235226.000'),
(255, '2025-04-09', 1, 3, 'E5_92_II', '529.85', '10793100.00', 529701, '235756.000'),
(256, '2025-04-10', 1, 3, 'E5_92_II', '466.00', '9055870.00', 465864, '236222.000'),
(257, '2025-04-11', 1, 3, 'E5_92_II', '540.94', '10212970.00', 540849, '236763.000'),
(258, '2025-04-12', 1, 3, 'E5_92_II', '576.08', '10876430.00', 575978, '237339.000'),
(259, '2025-04-13', 1, 3, 'E5_92_II', '474.65', '8961440.00', 474529, '237813.000'),
(260, '2025-04-14', 1, 3, 'E5_92_II', '609.02', '11498380.00', 608892, '238422.000'),
(261, '2025-04-15', 1, 3, 'E5_92_II', '338.06', '6382630.00', 337954, '238760.000'),
(262, '2025-04-16', 1, 3, 'E5_92_II', '667.24', '12597460.00', 667105, '239427.000'),
(263, '2025-04-17', 1, 3, 'E5_92_II', '284.93', '5379500.00', 284829, '239712.000'),
(264, '2025-04-18', 1, 3, 'E5_92_II', '0.00', '0.00', 0, '0.000'),
(265, '2025-04-19', 1, 3, 'E5_92_II', '0.00', '0.00', 0, '0.000'),
(266, '2025-04-20', 1, 3, 'E5_92_II', '0.00', '0.00', 0, '0.000'),
(267, '2025-04-21', 1, 3, 'E5_92_II', '0.00', '0.00', 0, '0.000'),
(268, '2025-04-22', 1, 3, 'E5_92_II', '0.00', '0.00', 0, '0.000'),
(269, '2025-04-23', 1, 3, 'E5_92_II', '0.00', '0.00', 0, '0.000'),
(270, '2025-04-24', 1, 3, 'E5_92_II', '0.00', '0.00', 0, '0.000'),
(271, '2025-03-26', 1, 4, 'RON95_III', '1736.90', '34877040.00', 1736685, '692552.000'),
(272, '2025-03-27', 1, 4, 'RON95_III', '1824.40', '36902710.00', 1824127, '694376.000'),
(273, '2025-03-28', 1, 4, 'RON95_III', '1915.35', '39111410.00', 1914827, '696291.000'),
(274, '2025-03-29', 1, 4, 'RON95_III', '1739.19', '35514180.00', 1738770, '698030.000'),
(275, '2025-03-30', 1, 4, 'RON95_III', '1892.50', '38644930.00', 1891973, '699922.000'),
(276, '2025-03-31', 1, 4, 'RON95_III', '1882.80', '38446690.00', 1882239, '701804.000'),
(277, '2025-04-01', 1, 4, 'RON95_III', '1694.47', '34601090.00', 1693960, '703498.000'),
(278, '2025-04-02', 1, 4, 'RON95_III', '1759.58', '35930610.00', 1759093, '705257.000'),
(279, '2025-04-03', 1, 4, 'RON95_III', '1949.24', '40255120.00', 1948714, '707206.000'),
(280, '2025-04-04', 1, 4, 'RON95_III', '2147.95', '44913710.00', 2147363, '709353.000'),
(281, '2025-04-05', 1, 4, 'RON95_III', '2294.94', '47987220.00', 2294392, '711648.000'),
(282, '2025-04-06', 1, 4, 'RON95_III', '1580.87', '33055940.00', 1580423, '713228.000'),
(283, '2025-04-07', 1, 4, 'RON95_III', '1721.73', '36001350.00', 1721228, '714949.000'),
(284, '2025-04-08', 1, 4, 'RON95_III', '2013.15', '42094950.00', 2012575, '716962.000'),
(285, '2025-04-09', 1, 4, 'RON95_III', '1821.71', '38091930.00', 1821112, '718783.000'),
(286, '2025-04-10', 1, 4, 'RON95_III', '1890.90', '37655330.00', 1890401, '720674.000'),
(287, '2025-04-11', 1, 4, 'RON95_III', '2317.14', '44489090.00', 2316530, '722990.000'),
(288, '2025-04-12', 1, 4, 'RON95_III', '1813.68', '34822660.00', 1813255, '724803.000'),
(289, '2025-04-13', 1, 4, 'RON95_III', '2038.73', '39143550.00', 2038176, '726842.000'),
(290, '2025-04-14', 1, 4, 'RON95_III', '1816.49', '34876550.00', 1816057, '728658.000'),
(291, '2025-04-15', 1, 4, 'RON95_III', '2325.51', '44649720.00', 2325024, '730983.000'),
(292, '2025-04-16', 1, 4, 'RON95_III', '2250.15', '43202840.00', 2249659, '733232.000'),
(293, '2025-04-17', 1, 4, 'RON95_III', '2626.32', '50095600.00', 2625775, '735858.000'),
(294, '2025-04-18', 1, 4, 'RON95_III', '1995.17', '37608960.00', 1994848, '737853.000'),
(295, '2025-04-19', 1, 4, 'RON95_III', '1891.86', '35661550.00', 1891532, '739745.000'),
(296, '2025-04-20', 1, 4, 'RON95_III', '1960.71', '36959410.00', 1960307, '741705.000'),
(297, '2025-04-21', 1, 4, 'RON95_III', '2334.93', '44013460.00', 2334603, '744039.000'),
(298, '2025-04-22', 1, 4, 'RON95_III', '2221.88', '41882370.00', 2221512, '746261.000'),
(299, '2025-04-23', 1, 4, 'RON95_III', '2198.39', '41439680.00', 2198025, '748459.000'),
(300, '2025-04-24', 1, 4, 'RON95_III', '2089.89', '40119180.00', 2089349, '750548.000'),
(301, '2025-03-26', 1, 5, 'E5_92_II', '883.38', '17393700.00', 882805, '311519.000'),
(302, '2025-03-27', 1, 5, 'E5_92_II', '753.19', '14945420.00', 752791, '312272.000'),
(303, '2025-03-28', 1, 5, 'E5_92_II', '856.39', '17153560.00', 856054, '313128.000'),
(304, '2025-03-29', 1, 5, 'E5_92_II', '843.45', '16894390.00', 843157, '313971.000'),
(305, '2025-03-30', 1, 5, 'E5_92_II', '975.86', '19546500.00', 975578, '314946.000'),
(306, '2025-03-31', 1, 5, 'E5_92_II', '780.85', '15640350.00', 780522, '315727.000'),
(307, '2025-04-01', 1, 5, 'E5_92_II', '782.80', '15679560.00', 782491, '316510.000'),
(308, '2025-04-02', 1, 5, 'E5_92_II', '968.93', '19407570.00', 968536, '317478.000'),
(309, '2025-04-03', 1, 5, 'E5_92_II', '802.46', '16200310.00', 802034, '318280.000'),
(310, '2025-04-04', 1, 5, 'E5_92_II', '788.24', '16056500.00', 787744, '319068.000'),
(311, '2025-04-05', 1, 5, 'E5_92_II', '775.65', '15800060.00', 775175, '319843.000'),
(312, '2025-04-06', 1, 5, 'E5_92_II', '770.41', '15693350.00', 769964, '320613.000'),
(313, '2025-04-07', 1, 5, 'E5_92_II', '824.93', '16803790.00', 824468, '321438.000'),
(314, '2025-04-08', 1, 5, 'E5_92_II', '1126.38', '22944360.00', 1125747, '322563.000'),
(315, '2025-04-09', 1, 5, 'E5_92_II', '1143.18', '23286640.00', 1142574, '323706.000'),
(316, '2025-04-10', 1, 5, 'E5_92_II', '1101.12', '21767720.00', 1100637, '324807.000'),
(317, '2025-04-11', 1, 5, 'E5_92_II', '933.56', '17625690.00', 933122, '325740.000'),
(318, '2025-04-12', 1, 5, 'E5_92_II', '943.76', '17818200.00', 943372, '326683.000'),
(319, '2025-04-13', 1, 5, 'E5_92_II', '757.52', '14302030.00', 757172, '327440.000'),
(320, '2025-04-14', 1, 5, 'E5_92_II', '1016.59', '19193190.00', 1016169, '328457.000'),
(321, '2025-04-15', 1, 5, 'E5_92_II', '1566.93', '29583670.00', 1566345, '330023.000'),
(322, '2025-04-16', 1, 5, 'E5_92_II', '1084.58', '20476850.00', 1084116, '331107.000'),
(323, '2025-04-17', 1, 5, 'E5_92_II', '1328.39', '24896700.00', 1327849, '332435.000'),
(324, '2025-04-18', 1, 5, 'E5_92_II', '1209.78', '22368840.00', 1209182, '333644.000'),
(325, '2025-04-19', 1, 5, 'E5_92_II', '1457.96', '26957720.00', 1457378, '335102.000'),
(326, '2025-04-20', 1, 5, 'E5_92_II', '1356.15', '25075170.00', 1355556, '336457.000'),
(327, '2025-04-21', 1, 5, 'E5_92_II', '1447.01', '26755270.00', 1446413, '337904.000'),
(328, '2025-04-22', 1, 5, 'E5_92_II', '1482.28', '27407290.00', 1481585, '339385.000'),
(329, '2025-04-23', 1, 5, 'E5_92_II', '1710.05', '31618900.00', 1709291, '341095.000'),
(330, '2025-04-24', 1, 5, 'E5_92_II', '2092.29', '39552210.00', 2091888, '343187.000'),
(331, '2025-03-26', 1, 6, 'DO05S_II', '939.98', '16816170.00', 939956, '298797.000'),
(332, '2025-03-27', 1, 6, 'DO05S_II', '1095.68', '19704520.00', 1095653, '299893.000'),
(333, '2025-03-28', 1, 6, 'DO05S_II', '662.31', '12060690.00', 662295, '300555.000'),
(334, '2025-03-29', 1, 6, 'DO05S_II', '1508.47', '27469220.00', 1508453, '302063.000'),
(335, '2025-03-30', 1, 6, 'DO05S_II', '840.08', '15297940.00', 840055, '302904.000'),
(336, '2025-03-31', 1, 6, 'DO05S_II', '1014.83', '18480110.00', 1014802, '303918.000'),
(337, '2025-04-01', 1, 6, 'DO05S_II', '1837.47', '33460380.00', 1837447, '305756.000'),
(338, '2025-04-02', 1, 6, 'DO05S_II', '483.33', '8801500.00', 483310, '306239.000'),
(339, '2025-04-03', 1, 6, 'DO05S_II', '872.98', '16021880.00', 872952, '307112.000'),
(340, '2025-04-04', 1, 6, 'DO05S_II', '985.27', '18197970.00', 985250, '308097.000'),
(341, '2025-04-05', 1, 6, 'DO05S_II', '1843.68', '34052850.00', 1843671, '309941.000'),
(342, '2025-04-06', 1, 6, 'DO05S_II', '358.96', '6630020.00', 358951, '310300.000'),
(343, '2025-04-07', 1, 6, 'DO05S_II', '768.33', '14191030.00', 768312, '311068.000'),
(344, '2025-04-08', 1, 6, 'DO05S_II', '971.50', '17943640.00', 971479, '312040.000'),
(345, '2025-04-09', 1, 6, 'DO05S_II', '1663.79', '30730170.00', 1663766, '313704.000'),
(346, '2025-04-10', 1, 6, 'DO05S_II', '821.58', '14746710.00', 821567, '314525.000'),
(347, '2025-04-11', 1, 6, 'DO05S_II', '527.23', '9089440.00', 527215, '315052.000'),
(348, '2025-04-12', 1, 6, 'DO05S_II', '1644.55', '28352060.00', 1644533, '316697.000'),
(349, '2025-04-13', 1, 6, 'DO05S_II', '515.08', '8880000.00', 515061, '317212.000'),
(350, '2025-04-14', 1, 6, 'DO05S_II', '1121.06', '19327150.00', 1121026, '318333.000'),
(351, '2025-04-15', 1, 6, 'DO05S_II', '917.09', '15810600.00', 917054, '319250.000'),
(352, '2025-04-16', 1, 6, 'DO05S_II', '2005.64', '34577240.00', 2005611, '321256.000'),
(353, '2025-04-17', 1, 6, 'DO05S_II', '539.15', '9259600.00', 539134, '321795.000'),
(354, '2025-04-18', 1, 6, 'DO05S_II', '1055.92', '17982350.00', 1055898, '322851.000'),
(355, '2025-04-19', 1, 6, 'DO05S_II', '1604.67', '27327600.00', 1604659, '324455.000'),
(356, '2025-04-20', 1, 6, 'DO05S_II', '368.17', '6270000.00', 368154, '324824.000'),
(357, '2025-04-21', 1, 6, 'DO05S_II', '620.97', '10575070.00', 620950, '325445.000'),
(358, '2025-04-22', 1, 6, 'DO05S_II', '543.36', '9253440.00', 543346, '325988.000'),
(359, '2025-04-23', 1, 6, 'DO05S_II', '1425.63', '24278500.00', 1425610, '327414.000'),
(360, '2025-04-24', 1, 6, 'DO05S_II', '970.05', '16792700.00', 970027, '328384.000');

-- --------------------------------------------------------

--
-- Cấu trúc bảng cho bảng `employee`
--

CREATE TABLE `employee` (
  `id` int(11) NOT NULL,
  `name` varchar(20) NOT NULL,
  `client_id` varchar(500) NOT NULL,
  `client_secret` varchar(500) NOT NULL,
  `url` varchar(500) NOT NULL,
  `status` tinyint(4) NOT NULL COMMENT '0 là k hoạt động, 1 là có',
  `created_at` datetime NOT NULL DEFAULT current_timestamp(),
  `updated_at` datetime NOT NULL DEFAULT current_timestamp()
) ENGINE=InnoDB DEFAULT CHARSET=utf8mb4;

--
-- Đang đổ dữ liệu cho bảng `employee`
--

INSERT INTO `employee` (`id`, `name`, `client_id`, `client_secret`, `url`, `status`, `created_at`, `updated_at`) VALUES
(1, 'Cửa hàng 1', 'F6PfaWzuXn7ZsWDaYk0rBlhbAsvHC3jbAKmIZqblOKTbLBRX', 'FKMq5ghi1aFLySHn5xslTIuyI7cw7bMWUFVk9tTFFse5YeHZ', 'http://chxddaidonghoangson.ddns.net:5880/', 1, '2025-04-13 18:04:17', '2025-04-25 15:40:45'),
(2, 'Cửa hàng 2', 'NzGBRSnwwaqJenqHrhHYI5dwAnCIBZrN5JrD9tS4cCrTikI8', '2fXQLGMxXd9xwoPQd8DuPituhyVjfvhd3rYlb9vOCHOBKW2Z', 'https://chxdhoangdaoth.dcs-link.live/', 1, '2025-04-13 18:04:17', '2025-04-25 15:40:55'),
(3, 'Cửa hàng 3', 'Gbok0rARQX3p5JEISljtvhuBSEG4WieToWQRm4FGsRMqj5O0', 'E5zKxJl2kH8kLB6gVrNumT6ab6buxjjGxmyYRKyK9ltfbqSS', 'https://chxdhoangdaoth.dcs-link.live/', 1, '2025-04-13 18:04:17', '2025-04-25 15:41:04');

-- --------------------------------------------------------

--
-- Cấu trúc bảng cho bảng `failed_jobs`
--

CREATE TABLE `failed_jobs` (
  `id` bigint(20) UNSIGNED NOT NULL,
  `uuid` varchar(255) COLLATE utf8mb4_unicode_ci NOT NULL,
  `connection` text COLLATE utf8mb4_unicode_ci NOT NULL,
  `queue` text COLLATE utf8mb4_unicode_ci NOT NULL,
  `payload` longtext COLLATE utf8mb4_unicode_ci NOT NULL,
  `exception` longtext COLLATE utf8mb4_unicode_ci NOT NULL,
  `failed_at` timestamp NOT NULL DEFAULT current_timestamp()
) ENGINE=InnoDB DEFAULT CHARSET=utf8mb4 COLLATE=utf8mb4_unicode_ci;

-- --------------------------------------------------------

--
-- Cấu trúc bảng cho bảng `fuel_entries`
--

CREATE TABLE `fuel_entries` (
  `id` bigint(20) UNSIGNED NOT NULL,
  `entry_time` datetime NOT NULL,
  `employee_id` tinyint(4) NOT NULL,
  `fuel_type` enum('RON95_III','DO05S_II','E5_92_II') NOT NULL,
  `unit_type` enum('lit','other') NOT NULL,
  `price` decimal(15,2) NOT NULL,
  `vat_percentage` decimal(5,2) NOT NULL,
  `quantity` decimal(15,3) NOT NULL,
  `document_code` varchar(100) DEFAULT NULL,
  `created_at` timestamp NULL DEFAULT NULL,
  `updated_at` timestamp NULL DEFAULT NULL
) ENGINE=InnoDB DEFAULT CHARSET=utf8mb4;

--
-- Đang đổ dữ liệu cho bảng `fuel_entries`
--

INSERT INTO `fuel_entries` (`id`, `entry_time`, `employee_id`, `fuel_type`, `unit_type`, `price`, `vat_percentage`, `quantity`, `document_code`, `created_at`, `updated_at`) VALUES
(1, '2025-04-24 15:42:00', 1, 'RON95_III', 'lit', '15000.00', '1.00', '1000.000', '2hh98128-eh9q8whq', '2025-04-24 23:43:35', '2025-04-24 23:43:35');

-- --------------------------------------------------------

--
-- Cấu trúc bảng cho bảng `fuel_settings`
--

CREATE TABLE `fuel_settings` (
  `id` bigint(20) UNSIGNED NOT NULL,
  `employee_id` tinyint(3) UNSIGNED NOT NULL,
  `fuel_type` enum('RON95_III','E5_92_II','DO05S_II') COLLATE utf8mb4_unicode_ci NOT NULL,
  `start_inv` decimal(12,3) NOT NULL DEFAULT 50000.000,
  `import_loss_rate` decimal(8,4) NOT NULL DEFAULT 0.0012,
  `export_loss_rate` decimal(8,4) NOT NULL DEFAULT 0.0006,
  `created_at` datetime DEFAULT NULL,
  `updated_at` datetime DEFAULT NULL
) ENGINE=InnoDB DEFAULT CHARSET=utf8mb4 COLLATE=utf8mb4_unicode_ci;

--
-- Đang đổ dữ liệu cho bảng `fuel_settings`
--

INSERT INTO `fuel_settings` (`id`, `employee_id`, `fuel_type`, `start_inv`, `import_loss_rate`, `export_loss_rate`, `created_at`, `updated_at`) VALUES
(1, 1, 'RON95_III', '500000.000', '0.0020', '0.0010', '2025-04-25 13:05:28', '2025-04-25 15:33:52'),
(2, 1, 'E5_92_II', '500000.000', '0.0012', '0.0011', '2025-04-25 15:33:32', '2025-04-25 15:33:32'),
(3, 1, 'DO05S_II', '500000.000', '0.0012', '0.0006', '2025-04-25 15:34:15', '2025-04-25 15:34:15'),
(4, 2, 'RON95_III', '30000.000', '0.0012', '0.0006', '2025-05-09 08:57:16', '2025-05-09 09:00:09'),
(5, 2, 'E5_92_II', '50000.000', '0.0050', '0.0005', '2025-05-09 08:57:16', '2025-05-09 09:00:09'),
(6, 2, 'DO05S_II', '10000.000', '0.0012', '0.0006', '2025-05-09 08:57:16', '2025-05-09 09:00:09'),
(7, 3, 'RON95_III', '52000.000', '0.0014', '0.0006', '2025-05-09 08:57:16', '2025-05-09 09:00:09'),
(8, 3, 'E5_92_II', '50000.000', '0.0012', '0.0006', '2025-05-09 08:57:16', '2025-05-09 08:57:16'),
(9, 3, 'DO05S_II', '50000.000', '0.0012', '0.0006', '2025-05-09 08:57:16', '2025-05-09 08:57:16');

-- --------------------------------------------------------

--
-- Cấu trúc bảng cho bảng `model_has_permissions`
--

CREATE TABLE `model_has_permissions` (
  `permission_id` bigint(20) UNSIGNED NOT NULL,
  `model_type` varchar(255) COLLATE utf8mb4_unicode_ci NOT NULL,
  `model_id` bigint(20) UNSIGNED NOT NULL
) ENGINE=InnoDB DEFAULT CHARSET=utf8mb4 COLLATE=utf8mb4_unicode_ci;

-- --------------------------------------------------------

--
-- Cấu trúc bảng cho bảng `model_has_roles`
--

CREATE TABLE `model_has_roles` (
  `role_id` bigint(20) UNSIGNED NOT NULL,
  `model_type` varchar(255) COLLATE utf8mb4_unicode_ci NOT NULL,
  `model_id` bigint(20) UNSIGNED NOT NULL
) ENGINE=InnoDB DEFAULT CHARSET=utf8mb4 COLLATE=utf8mb4_unicode_ci;

--
-- Đang đổ dữ liệu cho bảng `model_has_roles`
--

INSERT INTO `model_has_roles` (`role_id`, `model_type`, `model_id`) VALUES
(1, 'App\\Models\\User', 1),
(2, 'App\\Models\\User', 17),
(2, 'App\\Models\\User', 18);

-- --------------------------------------------------------

--
-- Cấu trúc bảng cho bảng `permissions`
--

CREATE TABLE `permissions` (
  `id` bigint(20) UNSIGNED NOT NULL,
  `name` varchar(255) COLLATE utf8mb4_unicode_ci NOT NULL,
  `guard_name` varchar(255) COLLATE utf8mb4_unicode_ci NOT NULL,
  `created_at` timestamp NULL DEFAULT NULL,
  `updated_at` timestamp NULL DEFAULT NULL
) ENGINE=InnoDB DEFAULT CHARSET=utf8mb4 COLLATE=utf8mb4_unicode_ci;

-- --------------------------------------------------------

--
-- Cấu trúc bảng cho bảng `roles`
--

CREATE TABLE `roles` (
  `id` bigint(20) UNSIGNED NOT NULL,
  `name` varchar(255) COLLATE utf8mb4_unicode_ci NOT NULL,
  `guard_name` varchar(255) COLLATE utf8mb4_unicode_ci NOT NULL,
  `created_at` timestamp NULL DEFAULT NULL,
  `updated_at` timestamp NULL DEFAULT NULL
) ENGINE=InnoDB DEFAULT CHARSET=utf8mb4 COLLATE=utf8mb4_unicode_ci;

--
-- Đang đổ dữ liệu cho bảng `roles`
--

INSERT INTO `roles` (`id`, `name`, `guard_name`, `created_at`, `updated_at`) VALUES
(1, 'admin', 'web', '2025-04-09 20:05:12', '2025-04-09 20:05:12'),
(2, 'employee', 'web', '2025-04-09 20:05:13', '2025-04-09 20:05:13');

-- --------------------------------------------------------

--
-- Cấu trúc bảng cho bảng `role_has_permissions`
--

CREATE TABLE `role_has_permissions` (
  `permission_id` bigint(20) UNSIGNED NOT NULL,
  `role_id` bigint(20) UNSIGNED NOT NULL
) ENGINE=InnoDB DEFAULT CHARSET=utf8mb4 COLLATE=utf8mb4_unicode_ci;

-- --------------------------------------------------------

--
-- Cấu trúc bảng cho bảng `users`
--

CREATE TABLE `users` (
  `id` bigint(20) UNSIGNED NOT NULL,
  `name` varchar(255) COLLATE utf8mb4_unicode_ci NOT NULL,
  `password` varchar(255) COLLATE utf8mb4_unicode_ci NOT NULL,
  `employee_id` int(11) NOT NULL DEFAULT 0,
  `pump_id` int(11) NOT NULL DEFAULT 0,
  `created_at` timestamp NULL DEFAULT NULL,
  `updated_at` timestamp NULL DEFAULT NULL
) ENGINE=InnoDB DEFAULT CHARSET=utf8mb4 COLLATE=utf8mb4_unicode_ci;

--
-- Đang đổ dữ liệu cho bảng `users`
--

INSERT INTO `users` (`id`, `name`, `password`, `employee_id`, `pump_id`, `created_at`, `updated_at`) VALUES
(1, 'admin', '$2y$12$u52WrCbtF8zxboFo8cB0aO7/H.1yPuiusyn2Aa2YrmjfT/XMRU7YW', 0, 0, '2025-04-09 20:05:14', '2025-04-09 20:05:14'),
(17, 'employee', '$2y$12$lZ7uHUXQsqLh8B7wdEGzT.yA6WSlQwhpJaOCLcpOOrYavYYbFaeFe', 1, 0, '2025-04-13 07:10:35', '2025-04-13 08:17:04'),
(18, 'employee2', '$2y$12$wUfdnMhgNzYI5ZTDbz4/ZOFut/G9QsUvmY2ZKYVu7vBq/gfnIzGj6', 2, 0, '2025-04-13 09:17:09', '2025-04-13 09:17:14');

--
-- Chỉ mục cho các bảng đã đổ
--

--
-- Chỉ mục cho bảng `daily_pump_logs`
--
ALTER TABLE `daily_pump_logs`
  ADD PRIMARY KEY (`id`);

--
-- Chỉ mục cho bảng `employee`
--
ALTER TABLE `employee`
  ADD PRIMARY KEY (`id`);

--
-- Chỉ mục cho bảng `failed_jobs`
--
ALTER TABLE `failed_jobs`
  ADD PRIMARY KEY (`id`),
  ADD UNIQUE KEY `failed_jobs_uuid_unique` (`uuid`);

--
-- Chỉ mục cho bảng `fuel_entries`
--
ALTER TABLE `fuel_entries`
  ADD PRIMARY KEY (`id`);

--
-- Chỉ mục cho bảng `fuel_settings`
--
ALTER TABLE `fuel_settings`
  ADD PRIMARY KEY (`id`),
  ADD KEY `fuel_settings_employee_id_index` (`employee_id`);

--
-- Chỉ mục cho bảng `model_has_permissions`
--
ALTER TABLE `model_has_permissions`
  ADD PRIMARY KEY (`permission_id`,`model_id`,`model_type`),
  ADD KEY `model_has_permissions_model_id_model_type_index` (`model_id`,`model_type`);

--
-- Chỉ mục cho bảng `model_has_roles`
--
ALTER TABLE `model_has_roles`
  ADD PRIMARY KEY (`role_id`,`model_id`,`model_type`),
  ADD KEY `model_has_roles_model_id_model_type_index` (`model_id`,`model_type`);

--
-- Chỉ mục cho bảng `permissions`
--
ALTER TABLE `permissions`
  ADD PRIMARY KEY (`id`),
  ADD UNIQUE KEY `permissions_name_guard_name_unique` (`name`,`guard_name`);

--
-- Chỉ mục cho bảng `roles`
--
ALTER TABLE `roles`
  ADD PRIMARY KEY (`id`),
  ADD UNIQUE KEY `roles_name_guard_name_unique` (`name`,`guard_name`);

--
-- Chỉ mục cho bảng `role_has_permissions`
--
ALTER TABLE `role_has_permissions`
  ADD PRIMARY KEY (`permission_id`,`role_id`),
  ADD KEY `role_has_permissions_role_id_foreign` (`role_id`);

--
-- Chỉ mục cho bảng `users`
--
ALTER TABLE `users`
  ADD PRIMARY KEY (`id`),
  ADD UNIQUE KEY `users_name_unique` (`name`);

--
-- AUTO_INCREMENT cho các bảng đã đổ
--

--
-- AUTO_INCREMENT cho bảng `daily_pump_logs`
--
ALTER TABLE `daily_pump_logs`
  MODIFY `id` int(10) UNSIGNED NOT NULL AUTO_INCREMENT, AUTO_INCREMENT=361;

--
-- AUTO_INCREMENT cho bảng `employee`
--
ALTER TABLE `employee`
  MODIFY `id` int(11) NOT NULL AUTO_INCREMENT, AUTO_INCREMENT=4;

--
-- AUTO_INCREMENT cho bảng `failed_jobs`
--
ALTER TABLE `failed_jobs`
  MODIFY `id` bigint(20) UNSIGNED NOT NULL AUTO_INCREMENT;

--
-- AUTO_INCREMENT cho bảng `fuel_entries`
--
ALTER TABLE `fuel_entries`
  MODIFY `id` bigint(20) UNSIGNED NOT NULL AUTO_INCREMENT, AUTO_INCREMENT=2;

--
-- AUTO_INCREMENT cho bảng `fuel_settings`
--
ALTER TABLE `fuel_settings`
  MODIFY `id` bigint(20) UNSIGNED NOT NULL AUTO_INCREMENT, AUTO_INCREMENT=10;

--
-- AUTO_INCREMENT cho bảng `permissions`
--
ALTER TABLE `permissions`
  MODIFY `id` bigint(20) UNSIGNED NOT NULL AUTO_INCREMENT;

--
-- AUTO_INCREMENT cho bảng `roles`
--
ALTER TABLE `roles`
  MODIFY `id` bigint(20) UNSIGNED NOT NULL AUTO_INCREMENT, AUTO_INCREMENT=3;

--
-- AUTO_INCREMENT cho bảng `users`
--
ALTER TABLE `users`
  MODIFY `id` bigint(20) UNSIGNED NOT NULL AUTO_INCREMENT, AUTO_INCREMENT=19;

--
-- Các ràng buộc cho các bảng đã đổ
--

--
-- Các ràng buộc cho bảng `model_has_permissions`
--
ALTER TABLE `model_has_permissions`
  ADD CONSTRAINT `model_has_permissions_permission_id_foreign` FOREIGN KEY (`permission_id`) REFERENCES `permissions` (`id`) ON DELETE CASCADE;

--
-- Các ràng buộc cho bảng `model_has_roles`
--
ALTER TABLE `model_has_roles`
  ADD CONSTRAINT `model_has_roles_role_id_foreign` FOREIGN KEY (`role_id`) REFERENCES `roles` (`id`) ON DELETE CASCADE;

--
-- Các ràng buộc cho bảng `role_has_permissions`
--
ALTER TABLE `role_has_permissions`
  ADD CONSTRAINT `role_has_permissions_permission_id_foreign` FOREIGN KEY (`permission_id`) REFERENCES `permissions` (`id`) ON DELETE CASCADE,
  ADD CONSTRAINT `role_has_permissions_role_id_foreign` FOREIGN KEY (`role_id`) REFERENCES `roles` (`id`) ON DELETE CASCADE;
COMMIT;

/*!40101 SET CHARACTER_SET_CLIENT=@OLD_CHARACTER_SET_CLIENT */;
/*!40101 SET CHARACTER_SET_RESULTS=@OLD_CHARACTER_SET_RESULTS */;
/*!40101 SET COLLATION_CONNECTION=@OLD_COLLATION_CONNECTION */;
